"case","method","p","adj"
1,"holm","0.01 0.02 0.029999999999999999 0.040000000000000001 0.050000000000000003","0.050000000000000003 0.080000000000000002 0.089999999999999997 0.089999999999999997 0.089999999999999997"
1,"hochberg","0.01 0.02 0.029999999999999999 0.040000000000000001 0.050000000000000003","0.050000000000000003 0.050000000000000003 0.050000000000000003 0.050000000000000003 0.050000000000000003"
1,"hommel","0.01 0.02 0.029999999999999999 0.040000000000000001 0.050000000000000003","0.049999999999999996 0.05000000000000001 0.05000000000000001 0.05000000000000001 0.05000000000000001"
1,"bonferroni","0.01 0.02 0.029999999999999999 0.040000000000000001 0.050000000000000003","0.050000000000000003 0.10000000000000001 0.14999999999999999 0.20000000000000001 0.25"
1,"BH","0.01 0.02 0.029999999999999999 0.040000000000000001 0.050000000000000003","0.050000000000000003 0.050000000000000003 0.050000000000000003 0.050000000000000003 0.050000000000000003"
1,"BY","0.01 0.02 0.029999999999999999 0.040000000000000001 0.050000000000000003","0.11416666666666665 0.11416666666666665 0.11416666666666665 0.11416666666666667 0.11416666666666667"
1,"none","0.01 0.02 0.029999999999999999 0.040000000000000001 0.050000000000000003","0.01 0.02 0.029999999999999999 0.040000000000000001 0.050000000000000003"
2,"holm","0.20000000000000001 0.001 0.040000000000000001 0.040000000000000001 0.90000000000000002 0.0001 0.29999999999999999 0.040000000000000001","0.60000000000000009 0.0070000000000000001 0.23999999999999999 0.23999999999999999 0.90000000000000002 0.00080000000000000004 0.60000000000000009 0.23999999999999999"
2,"hochberg","0.20000000000000001 0.001 0.040000000000000001 0.040000000000000001 0.90000000000000002 0.0001 0.29999999999999999 0.040000000000000001","0.59999999999999998 0.0070000000000000001 0.16 0.16 0.90000000000000002 0.00080000000000000004 0.59999999999999998 0.16"
2,"hommel","0.20000000000000001 0.001 0.040000000000000001 0.040000000000000001 0.90000000000000002 0.0001 0.29999999999999999 0.040000000000000001","0.44999999999999996 0.0070000000000000001 0.16 0.16 0.90000000000000002 0.00080000000000000004 0.59999999999999998 0.16"
2,"bonferroni","0.20000000000000001 0.001 0.040000000000000001 0.040000000000000001 0.90000000000000002 0.0001 0.29999999999999999 0.040000000000000001","1 0.0080000000000000002 0.32000000000000001 0.32000000000000001 1 0.00080000000000000004 1 0.32000000000000001"
2,"BH","0.20000000000000001 0.001 0.040000000000000001 0.040000000000000001 0.90000000000000002 0.0001 0.29999999999999999 0.040000000000000001","0.26666666666666666 0.0040000000000000001 0.064000000000000001 0.064000000000000001 0.90000000000000002 0.00080000000000000004 0.3428571428571428 0.064000000000000001"
2,"BY","0.20000000000000001 0.001 0.040000000000000001 0.040000000000000001 0.90000000000000002 0.0001 0.29999999999999999 0.040000000000000001","0.72476190476190483 0.010871428571428572 0.17394285714285715 0.17394285714285715 1 0.0021742857142857145 0.93183673469387751 0.17394285714285715"
2,"none","0.20000000000000001 0.001 0.040000000000000001 0.040000000000000001 0.90000000000000002 0.0001 0.29999999999999999 0.040000000000000001","0.20000000000000001 0.001 0.040000000000000001 0.040000000000000001 0.90000000000000002 0.0001 0.29999999999999999 0.040000000000000001"
3,"holm","NA 0.029999999999999999 0.5 NA 0.001 0.02","NA 0.059999999999999998 0.5 NA 0.0040000000000000001 0.059999999999999998"
3,"hochberg","NA 0.029999999999999999 0.5 NA 0.001 0.02","NA 0.059999999999999998 0.5 NA 0.0040000000000000001 0.059999999999999998"
3,"hommel","NA 0.029999999999999999 0.5 NA 0.001 0.02","NA 0.059999999999999998 0.5 NA 0.0040000000000000001 0.044999999999999998"
3,"bonferroni","NA 0.029999999999999999 0.5 NA 0.001 0.02","NA 0.12 1 NA 0.0040000000000000001 0.080000000000000002"
3,"BH","NA 0.029999999999999999 0.5 NA 0.001 0.02","NA 0.039999999999999994 0.5 NA 0.0040000000000000001 0.039999999999999994"
3,"BY","NA 0.029999999999999999 0.5 NA 0.001 0.02","NA 0.083333333333333343 1 NA 0.008333333333333335 0.083333333333333343"
3,"none","NA 0.029999999999999999 0.5 NA 0.001 0.02","NA 0.029999999999999999 0.5 NA 0.001 0.02"
4,"holm","0.040000000000000001 0.01","0.040000000000000001 0.02"
4,"hochberg","0.040000000000000001 0.01","0.040000000000000001 0.02"
4,"hommel","0.040000000000000001 0.01","0.040000000000000001 0.02"
4,"bonferroni","0.040000000000000001 0.01","0.080000000000000002 0.02"
4,"BH","0.040000000000000001 0.01","0.040000000000000001 0.02"
4,"BY","0.040000000000000001 0.01","0.059999999999999998 0.029999999999999999"
4,"none","0.040000000000000001 0.01","0.040000000000000001 0.01"
5,"holm","0.5","0.5"
5,"hochberg","0.5","0.5"
5,"hommel","0.5","0.5"
5,"bonferroni","0.5","0.5"
5,"BH","0.5","0.5"
5,"BY","0.5","0.5"
5,"none","0.5","0.5"
6,"holm","NA 0.29999999999999999","NA 0.29999999999999999"
6,"hochberg","NA 0.29999999999999999","NA 0.29999999999999999"
6,"hommel","NA 0.29999999999999999","NA 0.29999999999999999"
6,"bonferroni","NA 0.29999999999999999","NA 0.29999999999999999"
6,"BH","NA 0.29999999999999999","NA 0.29999999999999999"
6,"BY","NA 0.29999999999999999","NA 0.29999999999999999"
6,"none","NA 0.29999999999999999","NA 0.29999999999999999"
7,"holm","0.00033269735791837589 0.32649733720934954 0.027300361913105104 0.128905087956147 0.1364517069248001 0.20372535979488909 0.0047069160082479555 0.95016147820812369 0.011158682493551153 0.0045495563502410113 0.00084335434847603182 0.71793750471782791 0.036018329132702656 0.4326940868373681 0.24219362260183327 0.30260579636359242 0.81505685313030185 0.0057517572897299446 0.45100187819864301 0.85653806473870353 0.25299701882372722 0.006315359547305683 0.49744991103408137 0.28807332500296873 0.14730316888203029 0.63224313111728347 0.68532848148004621 0.0007482775054153619 0.43809916896411322 0.12480383956411974 0.077662402965016517 0.0041927104809683473 0.24300436127222835 0.16897468699811805 5.1809478917293089e-06 0.79453206590242231 0.014933291347421905 0.0025100207587723982 0.47697591891453112 0.21262274497208491","0.012975196958816659 1 0.76441013356694287 1 1 1 0.15532822827218254 1 0.33476047480653459 0.15468491590819439 0.031204110893613177 1 0.97249488658297167 1 1 1 1 0.18405623327135823 1 1 1 0.19577614596647616 1 1 1 1 1 0.028434545205783753 1 1 1 0.14674486683389215 1 1 0.00020723791566917236 1 0.43306544907523525 0.090360747315806331 1 1"
7,"hochberg","0.00033269735791837589 0.32649733720934954 0.027300361913105104 0.128905087956147 0.1364517069248001 0.20372535979488909 0.0047069160082479555 0.95016147820812369 0.011158682493551153 0.0045495563502410113 0.00084335434847603182 0.71793750471782791 0.036018329132702656 0.4326940868373681 0.24219362260183327 0.30260579636359242 0.81505685313030185 0.0057517572897299446 0.45100187819864301 0.85653806473870353 0.25299701882372722 0.006315359547305683 0.49744991103408137 0.28807332500296873 0.14730316888203029 0.63224313111728347 0.68532848148004621 0.0007482775054153619 0.43809916896411322 0.12480383956411974 0.077662402965016517 0.0041927104809683473 0.24300436127222835 0.16897468699811805 5.1809478917293089e-06 0.79453206590242231 0.014933291347421905 0.0025100207587723982 0.47697591891453112 0.21262274497208491","0.012975196958816659 0.95016147820812369 0.76441013356694287 0.95016147820812369 0.95016147820812369 0.95016147820812369 0.15532822827218254 0.95016147820812369 0.33476047480653459 0.15468491590819439 0.031204110893613177 0.95016147820812369 0.95016147820812369 0.95016147820812369 0.95016147820812369 0.95016147820812369 0.95016147820812369 0.18405623327135823 0.95016147820812369 0.95016147820812369 0.95016147820812369 0.19577614596647616 0.95016147820812369 0.95016147820812369 0.95016147820812369 0.95016147820812369 0.95016147820812369 0.028434545205783753 0.95016147820812369 0.95016147820812369 0.95016147820812369 0.14674486683389215 0.95016147820812369 0.95016147820812369 0.00020723791566917236 0.95016147820812369 0.43306544907523525 0.090360747315806331 0.95016147820812369 0.95016147820812369"
7,"hommel","0.00033269735791837589 0.32649733720934954 0.027300361913105104 0.128905087956147 0.1364517069248001 0.20372535979488909 0.0047069160082479555 0.95016147820812369 0.011158682493551153 0.0045495563502410113 0.00084335434847603182 0.71793750471782791 0.036018329132702656 0.4326940868373681 0.24219362260183327 0.30260579636359242 0.81505685313030185 0.0057517572897299446 0.45100187819864301 0.85653806473870353 0.25299701882372722 0.006315359547305683 0.49744991103408137 0.28807332500296873 0.14730316888203029 0.63224313111728347 0.68532848148004621 0.0007482775054153619 0.43809916896411322 0.12480383956411974 0.077662402965016517 0.0041927104809683473 0.24300436127222835 0.16897468699811805 5.1809478917293089e-06 0.79453206590242231 0.014933291347421905 0.0025100207587723982 0.47697591891453112 0.21262274497208491","0.012642499600898284 0.9501614782081238 0.65299467441869907 0.9501614782081238 0.9501614782081238 0.9501614782081238 0.14591439625568661 0.9501614782081238 0.32360179231298342 0.14103624685747135 0.031204110893613177 0.9501614782081238 0.74617486655112208 0.9501614782081238 0.9501614782081238 0.9501614782081238 0.9501614782081238 0.17255271869189834 0.9501614782081238 0.9501614782081238 0.9501614782081238 0.1894607864191705 0.9501614782081238 0.9501614782081238 0.9501614782081238 0.9501614782081238 0.9501614782081238 0.027686267700368389 0.9501614782081238 0.9501614782081238 0.93194883558019814 0.12997402491001878 0.9501614782081238 0.9501614782081238 0.00020723791566917236 0.9501614782081238 0.41813215772781331 0.080320664280716741 0.9501614782081238 0.9501614782081238"
7,"bonferroni","0.00033269735791837589 0.32649733720934954 0.027300361913105104 0.128905087956147 0.1364517069248001 0.20372535979488909 0.0047069160082479555 0.95016147820812369 0.011158682493551153 0.0045495563502410113 0.00084335434847603182 0.71793750471782791 0.036018329132702656 0.4326940868373681 0.24219362260183327 0.30260579636359242 0.81505685313030185 0.0057517572897299446 0.45100187819864301 0.85653806473870353 0.25299701882372722 0.006315359547305683 0.49744991103408137 0.28807332500296873 0.14730316888203029 0.63224313111728347 0.68532848148004621 0.0007482775054153619 0.43809916896411322 0.12480383956411974 0.077662402965016517 0.0041927104809683473 0.24300436127222835 0.16897468699811805 5.1809478917293089e-06 0.79453206590242231 0.014933291347421905 0.0025100207587723982 0.47697591891453112 0.21262274497208491","0.013307894316735035 1 1 1 1 1 0.18827664032991823 1 0.44634729974204612 0.18198225400964047 0.033734173939041275 1 1 1 1 1 1 0.23007029158919778 1 1 1 0.25261438189222729 1 1 1 1 1 0.029931100216614475 1 1 1 0.16770841923873389 1 1 0.00020723791566917236 1 0.59733165389687626 0.10040083035089592 1 1"
7,"BH","0.00033269735791837589 0.32649733720934954 0.027300361913105104 0.128905087956147 0.1364517069248001 0.20372535979488909 0.0047069160082479555 0.95016147820812369 0.011158682493551153 0.0045495563502410113 0.00084335434847603182 0.71793750471782791 0.036018329132702656 0.4326940868373681 0.24219362260183327 0.30260579636359242 0.81505685313030185 0.0057517572897299446 0.45100187819864301 0.85653806473870353 0.25299701882372722 0.006315359547305683 0.49744991103408137 0.28807332500296873 0.14730316888203029 0.63224313111728347 0.68532848148004621 0.0007482775054153619 0.43809916896411322 0.12480383956411974 0.077662402965016517 0.0041927104809683473 0.24300436127222835 0.16897468699811805 5.1809478917293089e-06 0.79453206590242231 0.014933291347421905 0.0025100207587723982 0.47697591891453112 0.21262274497208491","0.0066539471583675174 0.4664247674419279 0.084001113578784939 0.30322601538844468 0.30322601538844468 0.38658680904015436 0.023534580041239778 0.95016147820812369 0.04057702724927692 0.023534580041239778 0.0084335434847603186 0.79770833857536438 0.10290951180772187 0.5819379073530877 0.40479523011796359 0.44830488350161835 0.85795458224242294 0.025261438189222732 0.5819379073530877 0.87850057921918301 0.40479523011796359 0.025261438189222732 0.60296958913221987 0.44318973077379809 0.31011193448848479 0.74381544837327473 0.78323255026290994 0.0084335434847603186 0.5819379073530877 0.30322601538844468 0.20709974124004404 0.023534580041239778 0.40479523011796359 0.33794937399623609 0.00020723791566917236 0.85795458224242294 0.049777637824739686 0.020080166070179185 0.59621989864316394 0.38658680904015436"
7,"BY","0.00033269735791837589 0.32649733720934954 0.027300361913105104 0.128905087956147 0.1364517069248001 0.20372535979488909 0.0047069160082479555 0.95016147820812369 0.011158682493551153 0.0045495563502410113 0.00084335434847603182 0.71793750471782791 0.036018329132702656 0.4326940868373681 0.24219362260183327 0.30260579636359242 0.81505685313030185 0.0057517572897299446 0.45100187819864301 0.85653806473870353 0.25299701882372722 0.006315359547305683 0.49744991103408137 0.28807332500296873 0.14730316888203029 0.63224313111728347 0.68532848148004621 0.0007482775054153619 0.43809916896411322 0.12480383956411974 0.077662402965016517 0.0041927104809683473 0.24300436127222835 0.16897468699811805 5.1809478917293089e-06 0.79453206590242231 0.014933291347421905 0.0025100207587723982 0.47697591891453112 0.21262274497208491","0.028469199295883825 1 0.35940237976541417 1 1 1 0.10069371360973742 1 0.1736105574781254 0.10069371360973742 0.036083278770288489 1 0.44030277538526924 1 1 1 1 0.10808215051802045 1 1 1 0.10808215051802045 1 1 1 1 1 0.036083278770288489 1 1 0.88608515624811512 0.10069371360973742 1 1 0.00088667634149002114 1 0.21297576580973601 0.085913854760251554 1 1"
7,"none","0.00033269735791837589 0.32649733720934954 0.027300361913105104 0.128905087956147 0.1364517069248001 0.20372535979488909 0.0047069160082479555 0.95016147820812369 0.011158682493551153 0.0045495563502410113 0.00084335434847603182 0.71793750471782791 0.036018329132702656 0.4326940868373681 0.24219362260183327 0.30260579636359242 0.81505685313030185 0.0057517572897299446 0.45100187819864301 0.85653806473870353 0.25299701882372722 0.006315359547305683 0.49744991103408137 0.28807332500296873 0.14730316888203029 0.63224313111728347 0.68532848148004621 0.0007482775054153619 0.43809916896411322 0.12480383956411974 0.077662402965016517 0.0041927104809683473 0.24300436127222835 0.16897468699811805 5.1809478917293089e-06 0.79453206590242231 0.014933291347421905 0.0025100207587723982 0.47697591891453112 0.21262274497208491","0.00033269735791837589 0.32649733720934954 0.027300361913105104 0.128905087956147 0.1364517069248001 0.20372535979488909 0.0047069160082479555 0.95016147820812369 0.011158682493551153 0.0045495563502410113 0.00084335434847603182 0.71793750471782791 0.036018329132702656 0.4326940868373681 0.24219362260183327 0.30260579636359242 0.81505685313030185 0.0057517572897299446 0.45100187819864301 0.85653806473870353 0.25299701882372722 0.006315359547305683 0.49744991103408137 0.28807332500296873 0.14730316888203029 0.63224313111728347 0.68532848148004621 0.0007482775054153619 0.43809916896411322 0.12480383956411974 0.077662402965016517 0.0041927104809683473 0.24300436127222835 0.16897468699811805 5.1809478917293089e-06 0.79453206590242231 0.014933291347421905 0.0025100207587723982 0.47697591891453112 0.21262274497208491"
8,"holm","0.0067628460283103552 0.45697750181993552 0.0039294723646421123 0.51720223670341703 0.81651848897030943 0.53481109482995393 0.27259462951755409 0.042791188788589077 0.44959913511577332 0.40198457938963739 0.00068425235880544368 0.0012800827789054682 0.40636250002828811 0.08386515518703995 0.078391993267378932 NA NA 1 1 0","0.09467984439634497 1 0.058942085469631686 1 1 1 1 0.55628545425165798 1 1 0.011632290099692542 0.020481324462487491 1 0.94070391920854712 0.94070391920854712 NA NA 1 1 0"
8,"hochberg","0.0067628460283103552 0.45697750181993552 0.0039294723646421123 0.51720223670341703 0.81651848897030943 0.53481109482995393 0.27259462951755409 0.042791188788589077 0.44959913511577332 0.40198457938963739 0.00068425235880544368 0.0012800827789054682 0.40636250002828811 0.08386515518703995 0.078391993267378932 NA NA 1 1 0","0.09467984439634497 1 0.058942085469631686 1 1 1 1 0.55628545425165798 1 1 0.011632290099692542 0.020481324462487491 1 0.92251670705743949 0.92251670705743949 NA NA 1 1 0"
8,"hommel","0.0067628460283103552 0.45697750181993552 0.0039294723646421123 0.51720223670341703 0.81651848897030943 0.53481109482995393 0.27259462951755409 0.042791188788589077 0.44959913511577332 0.40198457938963739 0.00068425235880544368 0.0012800827789054682 0.40636250002828811 0.08386515518703995 0.078391993267378932 NA NA 1 1 0","0.09467984439634497 1 0.055012613104989574 1 1 1 1 0.50319093112223967 1 1 0.010948037740887099 0.020481324462487491 1 0.76401584975707704 0.76401584975707704 NA NA 1 1 0"
8,"bonferroni","0.0067628460283103552 0.45697750181993552 0.0039294723646421123 0.51720223670341703 0.81651848897030943 0.53481109482995393 0.27259462951755409 0.042791188788589077 0.44959913511577332 0.40198457938963739 0.00068425235880544368 0.0012800827789054682 0.40636250002828811 0.08386515518703995 0.078391993267378932 NA NA 1 1 0","0.1217312285095864 1 0.07073050256355802 1 1 1 1 0.77024139819460335 1 1 0.012316542458497986 0.023041490020298427 1 1 1 NA NA 1 1 0"
8,"BH","0.0067628460283103552 0.45697750181993552 0.0039294723646421123 0.51720223670341703 0.81651848897030943 0.53481109482995393 0.27259462951755409 0.042791188788589077 0.44959913511577332 0.40198457938963739 0.00068425235880544368 0.0012800827789054682 0.40636250002828811 0.08386515518703995 0.078391993267378932 NA NA 1 1 0","0.02434624570191728 0.63273807944298766 0.017682625640889505 0.64177331379594471 0.91858330009159816 0.64177331379594471 0.54518925903510818 0.12837356636576724 0.63273807944298766 0.63273807944298766 0.0061582712292489929 0.0076804966734328097 0.63273807944298766 0.18869659917083989 0.18869659917083989 NA NA 1 1 0"
8,"BY","0.0067628460283103552 0.45697750181993552 0.0039294723646421123 0.51720223670341703 0.81651848897030943 0.53481109482995393 0.27259462951755409 0.042791188788589077 0.44959913511577332 0.40198457938963739 0.00068425235880544368 0.0012800827789054682 0.40636250002828811 0.08386515518703995 0.078391993267378932 NA NA 1 1 0","0.08509276002652337 1 0.061802687721194176 1 1 1 1 0.44867948883186359 1 1 0.021523823521072096 0.026844165967874926 1 0.65951500809017427 0.65951500809017427 NA NA 1 1 0"
8,"none","0.0067628460283103552 0.45697750181993552 0.0039294723646421123 0.51720223670341703 0.81651848897030943 0.53481109482995393 0.27259462951755409 0.042791188788589077 0.44959913511577332 0.40198457938963739 0.00068425235880544368 0.0012800827789054682 0.40636250002828811 0.08386515518703995 0.078391993267378932 NA NA 1 1 0","0.0067628460283103552 0.45697750181993552 0.0039294723646421123 0.51720223670341703 0.81651848897030943 0.53481109482995393 0.27259462951755409 0.042791188788589077 0.44959913511577332 0.40198457938963739 0.00068425235880544368 0.0012800827789054682 0.40636250002828811 0.08386515518703995 0.078391993267378932 NA NA 1 1 0"
