"q","nmeans","df","nranges","lower","upper"
0.1,2,2,1,"0.049938916441342601","0.95006108355865737"
0.5,2,2,1,"0.24254212290936839","0.75745787709063161"
1,2,2,1,"0.4472265936580529","0.55277340634194716"
2,2,2,1,"0.70713279683761399","0.29286720316238601"
3.3,2,2,1,"0.85524083104794557","0.14475916895205443"
4,2,2,1,"0.89447937826819146","0.10552062173180854"
5.5,2,2,1,"0.93986543941676992","0.060134560583230079"
8,2,2,1,"0.97024816589256668","0.029751834107433317"
15,2,2,1,"0.99143533482341495","0.0085646651765850512"
0.1,3,2,1,"0.0027490085115318219","0.99725099148846819"
0.5,3,2,1,"0.064443205571919182","0.93555679442808082"
1,3,2,1,"0.21581800928525585","0.78418199071474415"
2,3,2,1,"0.52343943162585382","0.47656056837414618"
3.3,3,2,1,"0.74909049263507166","0.25090950736492834"
4,3,2,1,"0.81427846257631853","0.18572153742368147"
5.5,3,2,1,"0.89229671665720889","0.10770328334279111"
8,3,2,1,"0.94600899972286745","0.05399100027713255"
15,3,2,1,"0.98402133455154794","0.015978665448452056"
0.1,5,2,1,"1.1249182419478252e-05","0.99998875081758054"
0.5,5,2,1,"0.0059898314388558858","0.9940101685611441"
1,5,2,1,"0.062502335525191188","0.93749766447480876"
2,5,2,1,"0.32333639794568819","0.67666360205431175"
3.3,5,2,1,"0.60971977157484902","0.39028022842515098"
4,5,2,1,"0.7045112538219257","0.2954887461780743"
5.5,5,2,1,"0.82425568980196373","0.17574431019803627"
8,5,2,1,"0.91044646049783451","0.089553539502165491"
15,5,2,1,"0.97319589308704268","0.026804106912957315"
0.1,10,2,1,"4.1263763116290662e-11","0.99999999995873623"
0.5,10,2,1,"4.6644681951003679e-05","0.99995335531804908"
1,10,2,1,"0.0062302208521515471","0.99376977914784848"
2,10,2,1,"0.14278253314970993","0.8572174668502901"
3.3,10,2,1,"0.43591983872667994","0.56408016127332006"
4,10,2,1,"0.55762696503712084","0.44237303496287916"
5.5,10,2,1,"0.72611193754394809","0.27388806245605191"
8,10,2,1,"0.85670062174610873","0.14329937825389127"
15,10,2,1,"0.95628041872630809","0.04371958127369191"
0.1,20,2,1,"0","1"
0.5,20,2,1,"0","1"
1,20,2,1,"0.00030485962984319338","0.99969514037015683"
2,20,2,1,"0.054331942704862503","0.94566805729513748"
3.3,20,2,1,"0.29751093205442719","0.70248906794557286"
4,20,2,1,"0.42823836218171357","0.57176163781828637"
5.5,20,2,1,"0.63005407663175628","0.36994592336824372"
8,20,2,1,"0.8005948341843272","0.1994051658156728"
15,20,2,1,"0.93811098260087677","0.061889017399123225"
0.1,2,5,1,"0.053630872763313034","0.94636912723668698"
0.5,2,5,1,"0.26190739810602898","0.73809260189397108"
1,2,5,1,"0.48891591956964403","0.51108408043035602"
2,2,5,1,"0.78356277073022873","0.21643722926977127"
3.3,2,5,1,"0.93307691285833805","0.066923087141661952"
4,2,5,1,"0.96325740199475307","0.036742598005246929"
5.5,2,5,1,"0.9884644505385114","0.011535549461488603"
8,2,5,1,"0.99760114595302884","0.002398854046971155"
15,2,5,1,"0.99987119593087626","0.00012880406912374465"
0.1,3,5,1,"0.0027512933365792342","0.9972487066634208"
0.5,3,5,1,"0.065701460437497902","0.93429853956250208"
1,3,5,1,"0.22985078490208072","0.77014921509791923"
2,3,5,1,"0.59763757320939792","0.40236242679060208"
3.3,3,5,1,"0.85950086366905687","0.14049913633094313"
4,3,5,1,"0.92026432109262712","0.079735678907372876"
5.5,3,5,1,"0.97397213886931577","0.026027861130684227"
8,3,5,1,"0.99444219786681054","0.00555780213318946"
15,3,5,1,"0.99969641525970265","0.00030358474029734683"
0.1,5,5,1,"7.896431066498313e-06","0.99999210356893342"
0.5,5,5,1,"0.004471936531621399","0.99552806346837852"
1,5,5,1,"0.053834330841981477","0.94616566915801847"
2,5,5,1,"0.35427689717792538","0.64572310282207468"
3.3,5,5,1,"0.72927205781939997","0.27072794218060003"
4,5,5,1,"0.83826433261185873","0.16173566738814127"
5.5,5,5,1,"0.94390262081415621","0.056097379185843788"
8,5,5,1,"0.9875160358228704","0.012483964177129603"
15,5,5,1,"0.99929645309663739","0.00070354690336260628"
0.1,10,5,1,"6.9134831144403015e-12","0.99999999999308653"
0.5,10,5,1,"1.0225483229456305e-05","0.99998977451677051"
1,10,5,1,"0.0023349333580859229","0.99766506664191401"
2,10,5,1,"0.11908435831022407","0.88091564168977587"
3.3,10,5,1,"0.51358096830346145","0.48641903169653855"
4,10,5,1,"0.6836534088822912","0.3163465911177088"
5.5,10,5,1,"0.87844112567619392","0.12155887432380608"
8,10,5,1,"0.9709745461949667","0.029025453805033297"
15,10,5,1,"0.99828349231653324","0.0017165076834667614"
0.1,20,5,1,"0","1"
0.5,20,5,1,"0","1"
1,20,5,1,"1.9516020371607349e-05","0.99998048397962847"
2,20,5,1,"0.025414952339922782","0.97458504766007725"
3.3,20,5,1,"0.31114944230015007","0.68885055769984993"
4,20,5,1,"0.50765005393521312","0.49234994606478688"
5.5,20,5,1,"0.78671255159385145","0.21328744840614855"
8,20,5,1,"0.94456850654244706","0.055431493457552938"
15,20,5,1,"0.99652179187174983","0.0034782081282501709"
0.1,2,10,1,"0.054977841973521728","0.94502215802647827"
0.5,2,10,1,"0.26898618932459484","0.73101381067540516"
1,2,10,1,"0.50435249562919693","0.49564750437080307"
2,2,10,1,"0.81233012915526237","0.18766987084473763"
3.3,2,10,1,"0.9581964686375698","0.041803531362430202"
4,2,10,1,"0.98209987684878797","0.017900123151212033"
5.5,2,10,1,"0.99698597403085576","0.0030140259691442406"
8,2,10,1,"0.99978954797848774","0.00021045202151226405"
15,2,10,1,"0.99999907640921903","9.2359078096571068e-07"
0.1,3,10,1,"0.0027520560662357006","0.99724794393376426"
0.5,3,10,1,"0.066135827849560236","0.93386417215043971"
1,3,10,1,"0.23510918942120235","0.76489081057879771"
2,3,10,1,"0.62945532496444201","0.37054467503555799"
3.3,3,10,1,"0.9032831431013747","0.096716856898625303"
4,3,10,1,"0.9566506502398382","0.043349349760161804"
5.5,3,10,1,"0.99228995964098743","0.007710040359012571"
8,3,10,1,"0.99944114120778749","0.00055885879221251322"
15,3,10,1,"0.9999974832695846","2.5167304154027903e-06"
0.1,5,10,1,"6.7746765108128266e-06","0.99999322532348911"
0.5,5,10,1,"0.0039190305604274471","0.99608096943957247"
1,5,10,1,"0.049826003305562562","0.95017399669443736"
2,5,10,1,"0.36691773747042844","0.63308226252957156"
3.3,5,10,1,"0.78860152598979971","0.21139847401020029"
4,5,10,1,"0.89804509472044403","0.10195490527955597"
5.5,5,10,1,"0.98019293401385854","0.019807065986141459"
8,5,10,1,"0.9984749534349423","0.0015250465650576972"
15,5,10,1,"0.99999283643401071","7.1635659892876902e-06"
0.1,10,10,1,"2.7368921549725858e-12","0.99999999999726308"
0.5,10,10,1,"4.5593771077215492e-06","0.99999544062289225"
1,10,10,1,"0.0013008161670033009","0.99869918383299672"
2,10,10,1,"0.10264667613330042","0.89735332386669953"
3.3,10,10,1,"0.55788931467156244","0.44211068532843756"
4,10,10,1,"0.75736069460983602","0.24263930539016398"
5.5,10,10,1,"0.94474867140493302","0.055251328595066984"
8,10,10,1,"0.99525424579670563","0.0047457542032943723"
15,10,10,1,"0.99997590560351779","2.4094396482210456e-05"
0.1,20,10,1,"0","1"
0.5,20,10,1,"0","1"
1,20,10,1,"2.7467959835460356e-06","0.99999725320401645"
2,20,10,1,"0.013045086031555467","0.98695491396844459"
3.3,20,10,1,"0.30927650095743631","0.69072349904256369"
4,20,10,1,"0.55749470228116793","0.44250529771883207"
5.5,20,10,1,"0.87666947872491097","0.12333052127508903"
8,20,10,1,"0.98777893428482977","0.012221065715170232"
15,20,10,1,"0.9999313568063849","6.8643193615103293e-05"
0.1,2,30,1,"0.055902699989538902","0.9440973000104611"
0.5,2,30,1,"0.27385380371494755","0.72614619628505239"
1,2,30,1,"0.51504303131692253","0.48495696868307747"
2,2,30,1,"0.83240589198058157","0.16759410801941843"
3.3,2,30,1,"0.97348344518448704","0.02651655481551296"
4,2,30,1,"0.9917426640852598","0.0082573359147402048"
5.5,2,30,1,"0.99948254990364283","0.00051745009635717487"
8,2,30,1,"0.99999634931805337","3.650681946631984e-06"
15,2,30,1,"0.99999999998853573","1.1464273974581829e-11"
0.1,3,30,1,"0.0027525648755888864","0.99724743512441116"
0.5,3,30,1,"0.06642975761774092","0.93357024238225905"
1,3,30,1,"0.23880407672899584","0.76119592327100416"
2,3,30,1,"0.65347859022159971","0.34652140977840029"
3.3,3,30,1,"0.93362978776158689","0.066370212238413107"
4,3,30,1,"0.97814032690778796","0.02185967309221204"
5.5,3,30,1,"0.99853961497641974","0.0014603850235802573"
8,3,30,1,"0.99998931268598101","1.0687314018986704e-05"
15,3,30,1,"0.99999999996596445","3.4035552154421111e-11"
0.1,5,30,1,"6.0256772074050221e-06","0.99999397432279258"
0.5,5,30,1,"0.0035361828624286668","0.99646381713757126"
1,5,30,1,"0.046735085884010576","0.95326491411598946"
2,5,30,1,"0.37638713847927635","0.6236128615207237"
3.3,5,30,1,"0.83759246189489889","0.16240753810510111"
4,5,30,1,"0.9412593462954062","0.058740653704593804"
5.5,5,30,1,"0.99562738761496306","0.0043726123850369447"
8,5,30,1,"0.99996591467642859","3.4085323571408921e-05"
15,5,30,1,"0.99999999988819466","1.1180534276178378e-10"
0.1,10,30,1,"1.1680350549638944e-12","0.99999999999883205"
0.5,10,30,1,"2.218339401467356e-06","0.99999778166059849"
1,10,30,1,"0.00074671887130058393","0.99925328112869938"
2,10,30,1,"0.086847191016495379","0.91315280898350459"
3.3,10,30,1,"0.60191696716355847","0.39808303283644153"
4,10,30,1,"0.82785358500437523","0.17214641499562477"
5.5,10,30,1,"0.98417877074594085","0.015821229254059155"
8,10,30,1,"0.99986020082998928","0.00013979917001072373"
15,10,30,1,"0.99999999951168517","4.8831483301370326e-10"
0.1,20,30,1,"0","1"
0.5,20,30,1,"0","1"
1,20,30,1,"2.9460723342538713e-07","0.9999997053927665"
2,20,30,1,"0.0053397771920141732","0.99466022280798583"
3.3,20,30,1,"0.30005751301927491","0.69994248698072514"
4,20,30,1,"0.61484861799991597","0.38515138200008403"
5.5,20,30,1,"0.95200598378981394","0.047994016210186063"
8,20,30,1,"0.99948942722779299","0.00051057277220700747"
15,20,30,1,"0.9999999980358224","1.9641775983458842e-09"
0.1,2,120,1,"0.05625426997879842","0.94374573002120155"
0.5,2,120,1,"0.27570600896676506","0.72429399103323489"
1,2,120,1,"0.51912897441030115","0.48087102558969885"
2,2,120,1,"0.84011149379728345","0.15988850620271655"
3.3,2,120,1,"0.97871153318050197","0.021288466819498031"
4,2,120,1,"0.99451631129408313","0.0054836887059168671"
5.5,2,120,1,"0.99983443548026518","0.00016556451973481767"
8,2,120,1,"0.99999989344221896","1.0655778104329272e-07"
15,2,120,1,"0.99999999999996081","3.9190872769268026e-14"
0.1,3,120,1,"0.0027527557443163381","0.99724724425568367"
0.5,3,120,1,"0.066540896491278867","0.93345910350872119"
1,3,120,1,"0.24023154593370236","0.75976845406629767"
2,3,120,1,"0.66317620263479526","0.33682379736520474"
3.3,3,120,1,"0.94495518339718021","0.05504481660281979"
4,3,120,1,"0.98495466213864502","0.015045337861354979"
5.5,3,120,1,"0.99951681003191417","0.0004831899680858287"
8,3,120,1,"0.9999996814056249","3.1859437510384225e-07"
15,3,120,1,"0.99999999999995315","4.6851411639181606e-14"
0.1,5,120,1,"5.7445622430056865e-06","0.999994255437757"
0.5,5,120,1,"0.003389565487519381","0.99661043451248066"
1,5,120,1,"0.045477275143096463","0.95452272485690348"
2,5,120,1,"0.38022784405028459","0.61977215594971535"
3.3,5,120,1,"0.85841544476300535","0.14158455523699465"
4,5,120,1,"0.95718224536181895","0.042817754638181049"
5.5,5,120,1,"0.99846874599258173","0.0015312540074182701"
8,5,120,1,"0.99999894490516428","1.0550948357224144e-06"
15,5,120,1,"0.99999999999993805","6.1950444774083735e-14"
0.1,10,120,1,"7.9475003382700692e-13","0.9999999999992053"
0.5,10,120,1,"1.5938653149551667e-06","0.99999840613468505"
1,10,120,1,"0.00057317126214706255","0.99942682873785293"
2,10,120,1,"0.079466313751630852","0.92053368624836918"
3.3,10,120,1,"0.62433241032419839","0.37566758967580161"
4,10,120,1,"0.8611036192188023","0.1388963807811977"
5.5,10,120,1,"0.99381984066998064","0.0061801593300193636"
8,10,120,1,"0.9999953231440416","4.6768559583965086e-06"
15,10,120,1,"0.99999999999989997","1.000310945187266e-13"
0.1,20,120,1,"0","1"
0.5,20,120,1,"0","1"
1,20,120,1,"8.3066779228832744e-08","0.99999991693322077"
2,20,120,1,"0.003000450815841276","0.99699954918415878"
3.3,20,120,1,"0.29244783399957192","0.70755216600042803"
4,20,120,1,"0.64936715539880019","0.35063284460119981"
5.5,20,120,1,"0.97812681661423961","0.021873183385760386"
8,20,120,1,"0.99998077257511564","1.9227424884360467e-05"
15,20,120,1,"0.99999999999982414","1.758593271006248e-13"
0.1,2,1000,1,"0.056357839703262039","0.94364216029673798"
0.5,2,1000,1,"0.27625186822760534","0.72374813177239461"
1,2,1000,1,"0.52033513756206118","0.47966486243793882"
2,2,1000,1,"0.84238953586630005","0.15761046413369995"
3.3,2,1000,1,"0.980178149574364","0.019821850425636001"
4,2,1000,1,"0.99522881416243947","0.0047711858375605321"
5.5,2,1000,1,"0.99989273141603519","0.00010726858396481465"
8,2,1000,1,"0.99999997987987055","2.0120129451406399e-08"
15,2,1000,1,"0.9999999999996535","3.4650060598551136e-13"
0.1,3,1000,1,"0.0027528117392263975","0.99724718826077363"
0.5,3,1000,1,"0.066573592890988284","0.9334264071090117"
1,3,1000,1,"0.24065476887251219","0.75934523112748775"
2,3,1000,1,"0.66609923115331882","0.33390076884668118"
3.3,3,1000,1,"0.94824251810865445","0.051757481891345547"
4,3,1000,1,"0.9867716923831521","0.013228307616847901"
5.5,3,1000,1,"0.99968436855608334","0.00031563144391666409"
8,3,1000,1,"0.99999993970081602","6.0299183979317661e-08"
15,3,1000,1,"0.99999999999964417","3.5582647939236267e-13"
0.1,5,1000,1,"5.6620769781112524e-06","0.99999433792302184"
0.5,5,1000,1,"0.0033462360033507015","0.99665376399664929"
1,5,1000,1,"0.045097348133586998","0.95490265186641299"
2,5,1000,1,"0.38139059812557075","0.61860940187442925"
3.3,5,1000,1,"0.86479837906383128","0.13520162093616872"
4,5,1000,1,"0.96169623801438309","0.038303761985616913"
5.5,5,1000,1,"0.99898516993349373","0.0010148300665062671"
8,5,1000,1,"0.99999979939873818","2.0060126182386284e-07"
15,5,1000,1,"0.99999999999962574","3.7425618160114027e-13"
0.1,10,1000,1,"6.8521166249639928e-13","0.99999999999931477"
0.5,10,1000,1,"1.4343355225409524e-06","0.99999856566447742"
1,10,1000,1,"0.00052614238891214062","0.99947385761108787"
2,10,1000,1,"0.077113713233410888","0.92288628676658913"
3.3,10,1000,1,"0.63185755393397236","0.36814244606602764"
4,10,1000,1,"0.87167742387813318","0.12832257612186682"
5.5,10,1000,1,"0.99578177027093984","0.0042182297290601634"
8,10,1000,1,"0.99999910155409533","8.9844590467347274e-07"
15,10,1000,1,"0.99999999999957956","4.2044145942554678e-13"
0.1,20,1000,1,"0","1"
0.5,20,1000,1,"0","1"
1,20,1000,1,"5.2945516849507416e-08","0.99999994705448314"
2,20,1000,1,"0.0024119606122242412","0.99758803938777574"
3.3,20,1000,1,"0.28943331017911933","0.71056668982088067"
4,20,1000,1,"0.66211610183366787","0.33788389816633213"
5.5,20,1000,1,"0.98438972714035966","0.01561027285964034"
8,20,1000,1,"0.99999623983797903","3.7601620209715136e-06"
15,20,1000,1,"0.99999999999948719","5.1281201507435981e-13"
0.1,2,30000,1,"0.056371977797021494","0.94362802220297848"
0.5,2,30000,1,"0.27632639016824834","0.72367360983175166"
1,2,30000,1,"0.52049987781305163","0.47950012218694837"
2,2,30000,1,"0.84270079294971478","0.15729920705028522"
3.3,2,30000,1,"0.98037558502328759","0.019624414976712412"
4,2,30000,1,"0.99532226501894938","0.0046777349810506186"
5.5,2,30000,1,"0.99989937807788021","0.00010062192211979237"
8,2,30000,1,"0.9999999845827261","1.5417273901974227e-08"
15,2,30000,1,"0.9999999999999809","1.9095836023552692e-14"
0.1,3,30000,1,"0.0027528193751342653","0.99724718062486573"
0.5,3,30000,1,"0.066578054864695618","0.93342194513530441"
1,3,30000,1,"0.24071264122928304","0.75928735877071696"
2,3,30000,1,"0.66650067495985021","0.33349932504014979"
3.3,3,30000,1,"0.94868909358101372","0.05131090641898628"
4,3,30000,1,"0.98701233862681514","0.012987661373184856"
5.5,3,30000,1,"0.99970362051752715","0.00029637948247285273"
8,3,30000,1,"0.99999995378559925","4.6214400750699269e-08"
15,3,30000,1,"0.99999999999997136","2.8643754035329039e-14"
0.1,5,30000,1,"5.6508281129773893e-06","0.99999434917188701"
0.5,5,30000,1,"0.0033403160555708815","0.99665968394442905"
1,5,30000,1,"0.045045144807077886","0.95495485519292211"
2,5,30000,1,"0.38155051944800633","0.61844948055199367"
3.3,5,30000,1,"0.86567852255970701","0.13432147744029299"
4,5,30000,1,"0.96230393177990114","0.037696068220098855"
5.5,5,30000,1,"0.99904531022042387","0.00095468977957613443"
8,5,30000,1,"0.99999984619685445","1.5380314555279995e-07"
15,5,30000,1,"0.99999999999995237","4.7628567756419216e-14"
0.1,10,30000,1,"6.6742545995962779e-13","0.99999999999933253"
0.5,10,30000,1,"1.4133805283207629e-06","0.99999858661947161"
1,10,30000,1,"0.00051986946708369275","0.99948013053291629"
2,10,30000,1,"0.076785761531418001","0.92321423846858197"
3.3,10,30000,1,"0.63292349249797608","0.36707650750202392"
4,10,30000,1,"0.87314786764908858","0.12685213235091142"
5.5,10,30000,1,"0.99601657958175949","0.0039834204182405131"
8,10,30000,1,"0.99999931053777691","6.8946222309129723e-07"
15,10,30000,1,"0.99999999999990463","9.5368157815300947e-14"
0.1,20,30000,1,"0","1"
0.5,20,30000,1,"0","1"
1,20,30000,1,"4.9613427282151918e-08","0.99999995038657274"
2,20,30000,1,"0.0023357484487937208","0.9976642515512063"
3.3,20,30000,1,"0.28898719534121009","0.71101280465878991"
4,20,30000,1,"0.6639765605852308","0.3360234394147692"
5.5,20,30000,1,"0.98517168330495397","0.014828316695046029"
8,20,30000,1,"0.99999710983860723","2.8901613927656555e-06"
15,20,30000,1,"0.99999999999980937","1.9062529332813938e-13"
0.1,2,2,3,"0.00023724854830510468","0.99976275145169491"
0.5,2,2,3,"0.025747083517442523","0.97425291648255752"
1,2,2,3,"0.14301991260909655","0.85698008739090348"
2,2,2,3,"0.45894097269664214","0.54105902730335786"
3.3,2,2,3,"0.71230799599281969","0.28769200400718031"
4,2,2,3,"0.78673138383573493","0.21326861616426507"
5.5,2,2,3,"0.87616414578272317","0.12383585421727683"
8,2,2,3,"0.93787960919149749","0.062120390808502512"
15,2,2,3,"0.98153544467439713","0.018464555325602872"
0.1,3,2,3,"1.2361718722220488e-07","0.99999987638281285"
0.5,3,2,3,"0.0013347888280930958","0.99866521117190699"
1,3,2,3,"0.034574705234341765","0.9654252947656583"
2,3,2,3,"0.27545751315286437","0.72454248684713563"
3.3,3,2,3,"0.57663578086907086","0.42336421913092914"
4,3,2,3,"0.67880084116879646","0.32119915883120354"
5.5,3,2,3,"0.80863453242343364","0.19136546757656636"
8,3,2,3,"0.90240994616271375","0.09759005383728625"
15,3,2,3,"0.97087045104224889","0.029129548957751106"
0.1,5,2,3,"0","1"
0.5,5,2,3,"1.0674571382276723e-05","0.99998932542861774"
1,5,2,3,"0.0041682518693398054","0.99583174813066022"
2,5,2,3,"0.13626749491691983","0.86373250508308019"
3.3,5,2,3,"0.43471153493389714","0.56528846506610286"
4,5,2,3,"0.5580153215520145","0.4419846784479855"
5.5,5,2,3,"0.72751360641294061","0.27248639358705939"
8,5,2,3,"0.85789801790257736","0.14210198209742264"
15,5,2,3,"0.95664256172238094","0.043357438277619065"
0.1,10,2,3,"0","1"
0.5,10,2,3,"0","1"
1,10,2,3,"0.00013668862086028985","0.99986331137913975"
2,10,2,3,"0.047916458990094953","0.95208354100990511"
3.3,10,2,3,"0.28919917540856871","0.71080082459143124"
4,10,2,3,"0.42136044412439749","0.57863955587560256"
5.5,10,2,3,"0.62583401683275663","0.37416598316724337"
8,10,2,3,"0.7985080397590838","0.2014919602409162"
15,10,2,3,"0.93774505154175292","0.062254948458247084"
0.1,20,2,3,"0","1"
0.5,20,2,3,"0","1"
1,20,2,3,"0","1"
2,20,2,3,"0.015605471452367117","0.98439452854763287"
3.3,20,2,3,"0.18848573243985595","0.81151426756014411"
4,20,2,3,"0.31411969973548159","0.68588030026451841"
5.5,20,2,3,"0.53507829916197869","0.46492170083802131"
8,20,2,3,"0.7412231553182328","0.2587768446817672"
15,20,2,3,"0.91704782489023651","0.082952175109763493"
0.1,2,5,3,"0.00020424200915377774","0.9997957579908463"
0.5,2,5,3,"0.023258291228817788","0.97674170877118227"
1,2,5,3,"0.1430988888606598","0.8569011111393402"
2,2,5,3,"0.52755385615913342","0.47244614384086658"
3.3,2,5,3,"0.8346572782561863","0.1653427217438137"
4,2,5,3,"0.90655392890493836","0.093446071095061645"
5.5,2,5,3,"0.96972964629659775","0.030270353703402253"
8,2,5,3,"0.99358107017721453","0.0064189298227854685"
15,2,5,3,"0.99965167980783354","0.00034832019216646248"
0.1,3,5,3,"5.2307929625888733e-08","0.99999994769207046"
0.5,3,5,3,"0.0006611163122927328","0.99933888368770729"
1,3,5,3,"0.023583692217963158","0.97641630778203692"
2,3,5,3,"0.29045365801361261","0.70954634198638744"
3.3,3,5,3,"0.69807103520237823","0.30192896479762177"
4,3,5,3,"0.82007243382808137","0.17992756617191863"
5.5,3,5,3,"0.93803919225843713","0.061960807741562873"
8,3,5,3,"0.9863160165021696","0.013683983497830399"
15,3,5,3,"0.99923214329877619","0.00076785670122381244"
0.1,5,5,3,"0","1"
0.5,5,5,3,"1.089210675315075e-06","0.99999891078932468"
1,5,5,3,"0.0010691108194840558","0.99893088918051598"
2,5,5,3,"0.10761862740002941","0.89238137259997052"
3.3,5,5,3,"0.51427682519773188","0.48572317480226812"
4,5,5,3,"0.68809786636029269","0.31190213363970731"
5.5,5,5,3,"0.88265081390036693","0.11734918609963307"
8,5,5,3,"0.97248839198507009","0.027511608014929911"
15,5,5,3,"0.99839701892827881","0.0016029810717211879"
0.1,10,5,3,"0","1"
0.5,10,5,3,"0","1"
1,10,5,3,"3.342047401086415e-06","0.99999665795259896"
2,10,5,3,"0.018866121442677342","0.9811338785573227"
3.3,10,5,3,"0.29758388657524792","0.70241611342475208"
4,10,5,3,"0.49870366164635543","0.50129633835364462"
5.5,10,5,3,"0.78461131606103418","0.21538868393896582"
8,10,5,3,"0.94460084256293986","0.055399157437060143"
15,10,5,3,"0.99656392301267982","0.0034360769873201802"
0.1,20,5,3,"0","1"
0.5,20,5,3,"0","1"
1,20,5,3,"0","1"
2,20,5,3,"0.0022799000108839561","0.99772009998911604"
3.3,20,5,3,"0.15163284243096878","0.84836715756903125"
4,20,5,3,"0.33244676056786859","0.66755323943213141"
5.5,20,5,3,"0.6712450093486787","0.3287549906513213"
8,20,5,3,"0.90646097135386372","0.09353902864613628"
15,20,5,3,"0.99366215514774103","0.006337844852258967"
0.1,2,10,3,"0.00019205163078628502","0.99980794836921372"
0.5,2,10,3,"0.022238126631595603","0.97776187336840437"
1,2,10,3,"0.14234973103933504","0.85765026896066499"
2,2,10,3,"0.55910903941949031","0.44089096058050969"
3.3,2,10,3,"0.8866621972117662","0.1133378027882338"
4,2,10,3,"0.94996425974309828","0.050035740256901717"
5.5,2,10,3,"0.99132162446445304","0.0086783755355469561"
8,2,10,3,"0.99938443079818506","0.00061556920181493613"
15,2,10,3,"0.99999727614860867","2.72385139132858e-06"
0.1,3,10,3,"3.4958976280406215e-08","0.99999996504102373"
0.5,3,10,3,"0.0004670667029267779","0.99953293329707327"
1,3,10,3,"0.019009145877038759","0.98099085412296128"
2,3,10,3,"0.29422064877380488","0.70577935122619517"
3.3,3,10,3,"0.76303289300071098","0.23696710699928902"
4,3,10,3,"0.88737935830873571","0.11262064169126429"
5.5,3,10,3,"0.97876104108942819","0.021238958910571815"
8,3,10,3,"0.99841060009045013","0.0015893999095498712"
15,3,10,3,"0.99999271807904022","7.2819209597785317e-06"
0.1,5,10,3,"0","1"
0.5,5,10,3,"2.9520400734366099e-07","0.99999970479599265"
1,5,10,3,"0.0004385439892017059","0.99956145601079838"
2,5,10,3,"0.087611442784188684","0.91238855721581125"
3.3,5,10,3,"0.56163847193294625","0.43836152806705375"
4,5,10,3,"0.76635160777713107","0.23364839222286893"
5.5,5,10,3,"0.94958411889687766","0.05041588110312234"
8,5,10,3,"0.99588079318707923","0.0041192068129207726"
15,5,10,3,"0.99997995556132901","2.0044438670985265e-05"
0.1,10,10,3,"0","1"
0.5,10,10,3,"0","1"
1,10,10,3,"1.7733615023637175e-07","0.99999982266384979"
2,10,10,3,"0.0077170757858334256","0.99228292421416664"
3.3,10,10,3,"0.29072355535804906","0.70927644464195094"
4,10,10,3,"0.54838706969544293","0.45161293030455707"
5.5,10,10,3,"0.87779785169971947","0.12220214830028053"
8,10,10,3,"0.98835001336020767","0.011649986639792331"
15,10,10,3,"0.99993669133305729","6.3308666942707426e-05"
0.1,20,10,3,"0","1"
0.5,20,10,3,"0","1"
1,20,10,3,"0","1"
2,20,10,3,"0.00028463846141337542","0.99971536153858664"
3.3,20,10,3,"0.11355244332157563","0.88644755667842434"
4,20,10,3,"0.33114840162661169","0.66885159837338826"
5.5,20,10,3,"0.76681749723508053","0.23318250276491947"
8,20,10,3,"0.97319960757256574","0.026800392427434261"
15,20,10,3,"0.9998365158043222","0.00016348419567779882"
0.1,2,30,3,"0.00018352846514478014","0.9998164715348552"
0.5,2,30,3,"0.021493045909129489","0.97850695409087052"
1,2,30,3,"0.14153388499821679","0.85846611500178316"
2,2,30,3,"0.58423411411909487","0.41576588588090513"
3.3,2,30,3,"0.92377103049727538","0.076228969502724619"
4,2,30,3,"0.97569673958211134","0.024303260417888661"
5.5,2,30,3,"0.99845380940708994","0.0015461905929100572"
8,2,30,3,"0.999989054019079","1.0945980920995524e-05"
15,2,30,3,"0.99999999996570066","3.4299341145072049e-11"
0.1,3,30,3,"2.5197540314513353e-08","0.99999997480245972"
0.5,3,30,3,"0.00034966667306439181","0.99965033332693554"
1,3,30,3,"0.015687300355955787","0.98431269964404422"
2,3,30,3,"0.29576610515916768","0.70423389484083232"
3.3,3,30,3,"0.81991592559913018","0.18008407440086982"
4,3,30,3,"0.93742749696604022","0.062572503033959781"
5.5,3,30,3,"0.99566383457533503","0.0043361654246649728"
8,3,30,3,"0.99996798614089777","3.2013859102231201e-05"
15,3,30,3,"0.99999999989799748","1.0200251754355349e-10"
0.1,5,30,3,"0","1"
0.5,5,30,3,"8.5329136248969413e-08","0.9999999146708638"
1,5,30,3,"0.00017500059529078213","0.99982499940470926"
2,5,30,3,"0.068108823308218644","0.93189117669178134"
3.3,5,30,3,"0.61138676926962732","0.38861323073037268"
4,5,30,3,"0.84256327950723697","0.15743672049276303"
5.5,5,30,3,"0.98723167074613571","0.012768329253864286"
8,5,30,3,"0.99989817293815586","0.0001018270618441397"
15,5,30,3,"0.99999999966479869","3.3520131115238883e-10"
0.1,10,30,3,"0","1"
0.5,10,30,3,"0","1"
1,10,30,3,"4.2513692287549228e-09","0.99999999574863074"
2,10,30,3,"0.0019973239026714442","0.99800267609732862"
3.3,10,30,3,"0.27361165540352655","0.72638834459647339"
4,10,30,3,"0.60880560147278728","0.39119439852721272"
5.5,10,30,3,"0.95605154100428091","0.043948458995719086"
8,10,30,3,"0.99958622424966959","0.00041377575033041403"
15,10,30,3,"0.99999999853707899","1.462921006556428e-09"
0.1,20,30,3,"0","1"
0.5,20,30,3,"0","1"
1,20,30,3,"0","1"
2,20,30,3,"6.0280825880904833e-06","0.99999397191741191"
3.3,20,30,3,"0.063776188348308685","0.93622381165169133"
4,20,30,3,"0.3168166135997566","0.68318338640024345"
5.5,20,30,3,"0.87901964332297278","0.12098035667702722"
8,20,30,3,"0.9985215036415922","0.0014784963584077992"
15,20,30,3,"0.99999999413129104","5.8687089632414313e-09"
0.1,2,120,3,"0.00018024452238531573","0.9998197554776147"
0.5,2,120,3,"0.021199081444089576","0.97880091855591045"
1,2,120,3,"0.14115143456502696","0.85884856543497301"
2,2,120,3,"0.59476925875346009","0.40523074124653991"
3.3,2,120,3,"0.93769733270274103","0.062302667297258973"
4,2,120,3,"0.98366882499432096","0.016331175005679044"
5.5,2,120,3,"0.99950349942134809","0.00049650057865191499"
8,2,120,3,"0.99999968032732478","3.1967267521970655e-07"
15,2,120,3,"0.9999999999999305","6.9499961341534799e-14"
0.1,3,120,3,"2.1910980416803371e-08","0.99999997808901964"
0.5,3,120,3,"0.00030847708776951587","0.99969152291223051"
1,3,120,3,"0.01438718595873175","0.98561281404126833"
2,3,120,3,"0.29603358439281174","0.70396641560718831"
3.3,3,120,3,"0.84498646954851497","0.15501353045148503"
4,3,120,3,"0.95574455802100988","0.044255441978990118"
5.5,3,120,3,"0.99855204490478422","0.0014479550952157805"
8,3,120,3,"0.99999904422241503","9.5577758496556697e-07"
15,3,120,3,"0.99999999999990774","9.2259533346350509e-14"
0.1,5,120,3,"0","1"
0.5,5,120,3,"4.670468313702478e-08","0.99999995329531688"
1,5,120,3,"0.00010939487369101557","0.99989060512630901"
2,5,120,3,"0.05890316069674207","0.94109683930325794"
3.3,5,120,3,"0.63816696878876955","0.36183303121123045"
4,5,120,3,"0.87836067076853963","0.12163932923146037"
5.5,5,120,3,"0.99542195410545198","0.0045780458945480218"
8,5,120,3,"0.99999683477488233","3.1652251176739199e-06"
15,5,120,3,"0.99999999999986211","1.3788969965844444e-13"
0.1,10,120,3,"0","1"
0.5,10,120,3,"0","1"
1,10,120,3,"3.9705716911500745e-10","0.99999999960294284"
2,10,120,3,"0.00073186401854664017","0.99926813598145336"
3.3,10,120,3,"0.25992435680782322","0.74007564319217678"
4,10,120,3,"0.64813484334013449","0.35186515665986551"
5.5,10,120,3,"0.98169942214049932","0.018300577859500677"
8,10,120,3,"0.9999859705602635","1.4029439736495952e-05"
15,10,120,3,"0.99999999999974831","2.5168755968252299e-13"
0.1,20,120,3,"0","1"
0.5,20,120,3,"0","1"
1,20,120,3,"0","1"
2,20,120,3,"1.3276266612920213e-07","0.99999986723733381"
3.3,20,120,3,"0.035132089221736017","0.96486791077826406"
4,20,120,3,"0.30115423627801247","0.69884576372198759"
5.5,20,120,3,"0.93709352320639916","0.062906476793600841"
8,20,120,3,"0.99994233578819802","5.7664211801977672e-05"
15,20,120,3,"0.99999999999952049","4.7950532433560511e-13"
0.1,2,1000,3,"0.00017927183707058057","0.99982072816292944"
0.5,2,1000,3,"0.021111282095127807","0.9788887179048722"
1,2,1000,3,"0.14103066868804884","0.85896933131195119"
2,2,1000,3,"0.59799459636942931","0.40200540363057069"
3.3,2,1000,3,"0.94172780214036145","0.058272197859638553"
4,2,1000,3,"0.98575728973983556","0.014242710260164437"
5.5,2,1000,3,"0.99967823334973138","0.00032176665026861784"
8,2,1000,3,"0.99999993964026979","6.0359730214010199e-08"
15,2,1000,3,"0.99999999999961653","3.8347103270552907e-13"
0.1,3,1000,3,"2.0985709285421241e-08","0.99999997901429072"
0.5,3,1000,3,"0.0002967096877318144","0.99970329031226823"
1,3,1000,3,"0.014000434335053479","0.98599956566494651"
2,3,1000,3,"0.29607141207949084","0.70392858792050916"
3.3,3,1000,3,"0.85275669259423992","0.14724330740576008"
4,3,1000,3,"0.96085676937448683","0.03914323062551317"
5.5,3,1000,3,"0.99905344357683135","0.00094655642316865407"
8,3,1000,3,"0.99999981910312186","1.8089687814359934e-07"
15,3,1000,3,"0.99999999999958888","4.1111558601869547e-13"
0.1,5,1000,3,"0","1"
0.5,5,1000,3,"3.8322542094195018e-08","0.99999996167745797"
1,5,1000,3,"9.3459302961155594e-05","0.99990654069703888"
2,5,1000,3,"0.055957461450328566","0.94404253854967146"
3.3,5,1000,3,"0.64741749664673842","0.35258250335326158"
4,5,1000,3,"0.88957269581836251","0.11042730418163749"
5.5,5,1000,3,"0.99695899096894824","0.0030410090310517557"
8,5,1000,3,"0.99999939819707118","6.0180292882350273e-07"
15,5,1000,3,"0.99999999999953337","4.6662673724995329e-13"
0.1,10,1000,3,"0","1"
0.5,10,1000,3,"0","1"
1,10,1000,3,"1.606217596149318e-10","0.99999999983937826"
2,10,1000,3,"0.00048233759522820955","0.9995176624047718"
3.3,10,1000,3,"0.25437443871506399","0.74562556128493607"
4,10,1000,3,"0.6634111578630677","0.3365888421369323"
5.5,10,1000,3,"0.98740498500428275","0.012595014995717246"
8,10,1000,3,"0.99999730466696413","2.6953330358736594e-06"
15,10,1000,3,"0.99999999999939482","6.0518257072317283e-13"
0.1,20,1000,3,"0","1"
0.5,20,1000,3,"0","1"
1,20,1000,3,"0","1"
2,20,1000,3,"1.7843949321071125e-08","0.99999998215605068"
3.3,20,1000,3,"0.025482406546705215","0.97451759345329481"
4,20,1000,3,"0.29386020126054596","0.70613979873945398"
5.5,20,1000,3,"0.95397454355172251","0.046025456448277491"
8,20,1000,3,"0.99998871958482838","1.1280415171621705e-05"
15,20,1000,3,"0.99999999999911782","8.8218321536714939e-13"
0.1,2,30000,3,"0.00017913886432089729","0.99982086113567914"
0.5,2,30000,3,"0.021099253534428694","0.97890074646557124"
1,2,30000,3,"0.1410138908162675","0.85898610918373253"
2,2,30000,3,"0.59843943980834735","0.40156056019165265"
3.3,2,30000,3,"0.94227455035056029","0.057725449649439708"
4,2,30000,3,"0.98603233631603104","0.013967663683968956"
5.5,2,30000,3,"0.9996981646069355","0.00030183539306449791"
8,2,30000,3,"0.99999995374817896","4.6251821039788865e-08"
15,2,30000,3,"0.99999999999994271","5.7287508070658077e-14"
0.1,3,30000,3,"2.0860905173997727e-08","0.99999997913909477"
0.5,3,30000,3,"0.00029511637531785427","0.99970488362468213"
1,3,30000,3,"0.013947510423755924","0.98605248957624414"
2,3,30000,3,"0.29607502912246086","0.70392497087753914"
3.3,3,30000,3,"0.85383061627340606","0.14616938372659394"
4,3,30000,3,"0.9615408631740272","0.038459136825972795"
5.5,3,30000,3,"0.99911112504894017","0.00088887495105982595"
8,3,30000,3,"0.99999986135680419","1.3864319581280427e-07"
15,3,30000,3,"0.99999999999991407","8.5931262105987116e-14"
0.1,5,30000,3,"0","1"
0.5,5,30000,3,"3.7270282369520207e-08","0.99999996272971758"
1,5,30000,3,"9.1399529932242521e-05","0.99990860047006769"
2,5,30000,3,"0.055546429438533378","0.94445357056146662"
3.3,5,30000,3,"0.64873888265857949","0.35126111734142051"
4,5,30000,3,"0.89112121014731649","0.10887878985268351"
5.5,5,30000,3,"0.99713866408886187","0.0028613359111381298"
8,5,30000,3,"0.99999953859063428","4.6140936571514857e-07"
15,5,30000,3,"0.99999999999985711","1.4288570326925765e-13"
0.1,10,30000,3,"0","1"
0.5,10,30000,3,"0","1"
1,10,30000,3,"1.4050213827666132e-10","0.99999999985949783"
2,10,30000,3,"0.00045273293299223681","0.99954726706700781"
3.3,10,30000,3,"0.25354418097171932","0.74645581902828062"
4,10,30000,3,"0.66567675693785011","0.33432324306214989"
5.5,10,30000,3,"0.98809727845248974","0.011902721547510264"
8,10,30000,3,"0.99999793161475681","2.0683852431924166e-06"
15,10,30000,3,"0.9999999999997139","2.8610447344590284e-13"
0.1,20,30000,3,"0","1"
0.5,20,30000,3,"0","1"
1,20,30000,3,"0","1"
2,20,30000,3,"1.2743191433122352e-08","0.99999998725680861"
3.3,20,30000,3,"0.024134360768430226","0.97586563923156977"
4,20,30000,3,"0.29272394206176194","0.707276057938238"
5.5,20,30000,3,"0.95617142640779684","0.043828573592203157"
8,20,30000,3,"0.99999132954088077","8.6704591192310332e-06"
15,20,30000,3,"0.99999999999942812","5.7187587998441813e-13"
