"p","nmeans","df","nranges","q"
0.01,2,2,1,"0.020000480186752309"
0.1,2,2,1,"0.20100224988048362"
0.5,2,2,1,"1.1546543213445166"
0.9,2,2,1,"4.1281826677123723"
0.95,2,2,1,"6.0796374186957944"
0.99,2,2,1,"13.902104719984681"
0.999,2,2,1,"34.713634202301854"
0.01,3,2,1,"0.19142930031526512"
0.1,3,2,1,"0.6351172173867603"
0.5,3,2,1,"1.9081786381388866"
0.9,3,2,1,"5.7326489525409814"
0.95,3,2,1,"8.3307825511898272"
0.99,3,2,1,"19.015496329474683"
0.999,3,2,1,"42.412912568105483"
0.01,5,2,1,"0.57569772246267736"
0.1,5,2,1,"1.1793207774095242"
0.5,5,2,1,"2.7130555571999841"
0.9,5,2,1,"7.5375316466547941"
0.95,5,2,1,"10.881114144209903"
0.99,5,2,1,"25.372048292341667"
0.999,5,2,1,"50.120412450629907"
0.01,10,2,1,"1.0851713215296244"
0.1,10,2,1,"1.7953250949023085"
0.5,10,2,1,"3.6450680735734511"
0.9,10,2,1,"9.7248967775210335"
0.95,10,2,1,"13.993854035371633"
0.99,10,2,1,"34.925601863382276"
0.999,10,2,1,"58.84770168405462"
0.01,20,2,1,"1.4973338701729071"
0.1,20,2,1,"2.299823462699659"
0.5,20,2,1,"4.4505820863229282"
0.9,20,2,1,"11.676936309225932"
0.95,20,2,1,"16.783124160972523"
0.99,20,2,1,"44.526266252174963"
0.999,20,2,1,"66.435243543054696"
0.01,2,5,1,"0.018627999367421173"
0.1,2,5,1,"0.18692392329153379"
0.5,2,5,1,"1.0276903900906982"
0.9,2,5,1,"2.849708737745352"
0.95,2,5,1,"3.6353514212908076"
0.99,2,5,1,"5.7023112461264427"
0.999,2,5,1,"9.7139876295431264"
0.01,3,5,1,"0.19113822807012848"
0.1,3,5,1,"0.62497132950860923"
0.5,3,5,1,"1.7049511023725838"
0.9,3,5,1,"3.7171112735702243"
0.95,3,5,1,"4.6017254459428374"
0.99,3,5,1,"6.9757273172821641"
0.999,3,5,1,"11.671497565897198"
0.01,5,5,1,"0.61963466849130244"
0.1,5,5,1,"1.2170208450657434"
0.5,5,5,1,"2.4232019728867229"
0.9,5,5,1,"4.6638270761061715"
0.95,5,5,1,"5.6731245392888319"
0.99,5,5,1,"8.4214949451906946"
0.999,5,5,1,"13.931276411181059"
0.01,10,5,1,"1.244337159520581"
0.1,10,5,1,"1.9186401146160037"
0.5,10,5,1,"3.2526425738441982"
0.9,10,5,1,"5.8159030453532887"
0.95,10,5,1,"6.9946977777575938"
0.99,10,5,1,"10.239281106571024"
0.999,10,5,1,"16.819760918823079"
0.01,20,5,1,"1.771758229095342"
0.1,20,5,1,"2.500844429826242"
0.5,20,5,1,"3.9703919271180768"
0.9,20,5,1,"6.8627688751052291"
0.95,20,5,1,"8.2080411887533327"
0.99,20,5,1,"11.932186915438637"
0.999,20,5,1,"19.559632298582834"
0.01,2,10,1,"0.018173039108344956"
0.1,2,10,1,"0.18227825254557983"
0.5,2,10,1,"0.98968391110987097"
0.9,2,10,1,"2.5632070578968409"
0.95,2,10,1,"3.1510641768803409"
0.99,2,10,1,"4.4820283914678054"
0.999,2,10,1,"6.4868474198620953"
0.01,3,10,1,"0.19104133060570541"
0.1,3,10,1,"0.62164744231598146"
0.5,3,10,1,"1.6446889006146324"
0.9,3,10,1,"3.2703084031559371"
0.95,3,10,1,"3.8767767491915595"
0.99,3,10,1,"5.2701615370332799"
0.999,3,10,1,"7.4105808378211115"
0.01,5,10,1,"0.63994607657141811"
0.1,5,10,1,"1.2364260244843674"
0.5,5,10,1,"2.3378341569158514"
0.9,5,10,1,"4.0180112729020063"
0.95,5,10,1,"4.6542930755433387"
0.99,5,10,1,"6.136093312662168"
0.999,5,10,1,"8.4492366542261799"
0.01,10,10,1,"1.3329440429952848"
0.1,10,10,1,"1.9890766356348375"
0.5,10,10,1,"3.1368097295391584"
0.9,10,10,1,"4.9132108489290811"
0.95,10,10,1,"5.5983864621427744"
0.99,10,10,1,"7.2133491829007319"
0.999,10,10,1,"9.7691294815065373"
0.01,20,10,1,"1.9422712663232937"
0.1,20,10,1,"2.6251618249935564"
0.5,20,10,1,"3.8285577941216093"
0.9,20,10,1,"5.7262705448065176"
0.95,20,10,1,"6.4669850430669493"
0.99,20,10,1,"8.2256381291638778"
0.999,20,10,1,"11.032104364750651"
0.01,2,30,1,"0.017873324258925072"
0.1,2,30,1,"0.1792227368377699"
0.5,2,30,1,"0.96556250335204086"
0.9,2,30,1,"2.4002893647212278"
0.95,2,30,1,"2.8882094057931211"
0.99,2,30,1,"3.8890811291475842"
0.999,2,30,1,"5.1561641495281991"
0.01,3,30,1,"0.19097676551036147"
0.1,3,30,1,"0.61944739285260453"
0.5,3,30,1,"1.6063944734606916"
0.9,3,30,1,"3.0172337344780051"
0.95,3,30,1,"3.486420064766385"
0.99,3,30,1,"4.4549148237340583"
0.999,3,30,1,"5.6978860892430676"
0.01,5,30,1,"0.65601120785643185"
0.1,5,30,1,"1.2523263362476522"
0.5,5,30,1,"2.2834542621962619"
0.9,5,30,1,"3.6478915478618448"
0.95,5,30,1,"4.1020790196217405"
0.99,5,30,1,"5.0476051320698412"
0.999,5,30,1,"6.2770777997882341"
0.01,10,30,1,"1.4145907582486912"
0.1,10,30,1,"2.0535673465760693"
0.5,10,30,1,"3.0618962866550001"
0.9,10,30,1,"4.3806065194687038"
0.95,10,30,1,"4.8241412861413666"
0.99,10,30,1,"5.7562549079722309"
0.999,10,30,1,"6.9840072648561877"
0.01,20,30,1,"2.1200914708232572"
0.1,20,30,1,"NaN"
0.5,20,30,1,"3.7353595513925391"
0.9,20,30,1,"5.0341636902480396"
0.95,20,30,1,"5.47495697348125"
0.99,20,30,1,"6.4073935318084718"
0.999,20,30,1,"7.6463820767487825"
0.01,2,120,1,"0.017761973547854228"
0.1,2,120,1,"0.17808847421482568"
0.5,2,120,1,"0.95677178551669162"
0.9,2,120,1,"2.3442723835767785"
0.95,2,120,1,"2.8000444315498445"
0.99,2,120,1,"3.7015924818950512"
0.999,2,120,1,"4.7707843076720451"
0.01,3,120,1,"0.19095255564090685"
0.1,3,120,1,"0.61862562990552905"
0.5,3,120,1,"1.5924063161757904"
0.9,3,120,1,"2.9304090360013797"
0.95,3,120,1,"3.3561383966868901"
0.99,3,120,1,"4.1999440070196092"
0.999,3,120,1,"5.2106446650026195"
0.01,5,120,1,"0.66269596393847485"
0.1,5,120,1,"1.2590515285764003"
0.5,5,120,1,"2.263492516596926"
0.9,5,120,1,"3.5197880517776059"
0.95,5,120,1,"3.9169376929369633"
0.99,5,120,1,"4.7085002685695834"
0.999,5,120,1,"5.6669012733591417"
0.01,10,120,1,"1.4529450678836011"
0.1,10,120,1,"2.0835182476280356"
0.5,10,120,1,"3.0336991095899837"
0.9,10,120,1,"4.191402138772566"
0.95,10,120,1,"4.5595380076027983"
0.99,10,120,1,"5.2992139452536566"
0.999,10,120,1,"6.2056619357859679"
0.01,20,120,1,"2.2151122501011478"
0.1,20,120,1,"NaN"
0.5,20,120,1,"3.6987533793229193"
0.9,20,120,1,"4.7793318067720207"
0.95,20,120,1,"5.1259428831181566"
0.99,20,120,1,"5.8271844626191349"
0.999,20,120,1,"6.694697820602876"
0.01,2,1000,1,"0.01772943506231562"
0.1,2,1000,1,"0.17775711589291368"
0.5,2,1000,1,"0.9542197405865902"
0.9,2,1000,1,"2.3283312522521009"
0.95,2,1000,1,"2.7751665423706502"
0.99,2,1000,1,"3.6497382958574556"
0.999,2,1000,1,"4.6673042654084709"
0.01,3,1000,1,"0.1909454603860099"
0.1,3,1000,1,"0.61838491120583294"
0.5,3,1000,1,"1.5883408301477453"
0.9,3,1000,1,"2.9057201135284627"
0.95,3,1000,1,"3.3194448991600747"
0.99,3,1000,1,"4.1297250984187972"
0.999,3,1000,1,"5.0807398415663103"
0.01,5,1000,1,"0.6647343381531543"
0.1,5,1000,1,"1.2611135329770606"
0.5,5,1000,1,"2.2576746243793422"
0.9,5,1000,1,"3.4832307653324124"
0.95,5,1000,1,"3.8647069460137833"
0.99,5,1000,1,"4.6153159222550775"
0.999,5,1000,1,"5.5052296136324559"
0.01,10,1000,1,"1.4653031354905144"
0.1,10,1000,1,"2.0931064147701615"
0.5,10,1000,1,"3.0253450996876494"
0.9,10,1000,1,"4.1367686179654255"
0.95,10,1000,1,"4.4843024456033715"
0.99,10,1000,1,"5.1734924525412191"
0.999,10,1000,1,"6.0005083363655238"
0.01,20,1000,1,"2.2480686682491635"
0.1,20,1000,1,"NaN"
0.5,20,1000,1,"3.6874806411572827"
0.9,20,1000,1,"4.7043474740844031"
0.95,20,1000,1,"5.0253470111150245"
0.99,20,1000,1,"5.666745357219872"
0.999,20,1000,1,"6.4443399467087747"
0.01,2,2,2,"0.1781802801247207"
0.1,2,2,2,"0.59219451492521213"
0.5,2,2,2,"1.7920663997439823"
0.9,2,2,2,"5.4178993031612537"
0.95,2,2,2,"7.8791422424874469"
0.99,2,2,2,"17.989724309683336"
0.999,2,2,2,"40.363626505655674"
0.01,3,2,2,"0.53570229074281772"
0.1,3,2,2,"1.1010414814815983"
0.5,3,2,2,"2.5490288249443256"
0.9,3,2,2,"7.1100892682288848"
0.95,3,2,2,"10.268460506505347"
0.99,3,2,2,"23.923781909195693"
0.999,3,2,2,"47.643017437343438"
0.01,5,2,2,"0.95330992310097629"
0.1,5,2,2,"1.6112938843715954"
0.5,5,2,2,"3.321987479954152"
0.9,5,2,2,"8.9166500618379647"
0.95,5,2,2,"12.836164142850251"
0.99,5,2,2,"31.538664554208037"
0.999,5,2,2,"54.9393279078324"
0.01,10,2,2,"1.4012164737247712"
0.1,10,2,2,"2.1612786366661267"
0.5,10,2,2,"4.1979144126487142"
0.9,10,2,2,"11.031825533275374"
0.95,10,2,2,"15.864509689450138"
0.99,10,2,2,"41.804840132161438"
0.999,10,2,2,"63.235937658812148"
0.01,20,2,2,"1.7573705687144514"
0.1,20,2,2,"2.6147252174437519"
0.5,20,2,2,"4.9513625285868121"
0.9,20,2,2,"12.895664535078526"
0.95,20,2,2,"18.442655866436269"
0.99,20,2,2,"50.866247667392251"
0.999,20,2,2,"70.486035904213949"
0.01,2,5,2,"0.17789909409224366"
0.1,2,5,2,"0.58242503319709416"
0.5,2,5,2,"1.5992716589908373"
0.9,2,5,2,"3.5220983690347736"
0.95,2,5,2,"4.3706592959672808"
0.99,2,5,2,"6.6472355549453797"
0.999,2,5,2,"11.144466499068447"
0.01,3,5,2,"0.57635998742984107"
0.1,3,5,2,"1.1350205753325384"
0.5,3,5,2,"2.2746996862029252"
0.9,3,5,2,"4.4105596078542053"
0.95,3,5,2,"5.3738212175961726"
0.99,3,5,2,"7.9951552957184022"
0.999,3,5,2,"13.244497408725435"
0.01,5,5,2,"1.084886600670756"
0.1,5,5,2,"1.713812196425238"
0.5,5,5,2,"2.9631689282645155"
0.9,5,5,2,"5.3618551669959436"
0.95,5,5,2,"6.4625337215379597"
0.99,5,5,2,"9.486878792898553"
0.999,5,5,2,"15.608852581193959"
0.01,10,5,2,"1.655125988184621"
0.1,10,5,2,"2.3471170423546064"
0.5,10,5,2,"3.7441588789745146"
0.9,10,5,2,"6.4946962534964046"
0.95,10,5,2,"7.7732378993643971"
0.99,10,5,2,"11.310833919281595"
0.999,10,5,2,"18.558299255740057"
0.01,20,5,2,"2.1122059152980559"
0.1,20,5,2,"NaN"
0.5,20,5,2,"4.4167038377867485"
0.9,20,5,2,"7.5081985667991171"
0.95,20,5,2,"8.9550091470424391"
0.99,20,5,2,"12.968450771254274"
0.999,20,5,2,"21.319173741872724"
0.01,2,10,2,"0.17780550221972569"
0.1,2,10,2,"0.57921948517548327"
0.5,2,10,2,"1.5418498308154422"
0.9,2,10,2,"3.101969404647857"
0.95,2,10,2,"3.6898305759007837"
0.99,2,10,2,"5.0442975273827866"
0.999,2,10,2,"7.1261157645936146"
0.01,3,10,2,"0.59515528375988069"
0.1,3,10,2,"1.1525610268129214"
0.5,3,10,2,"2.1932929352706596"
0.9,3,10,2,"3.8049679399769256"
0.95,3,10,2,"4.4190530497285119"
0.99,3,10,2,"5.8512581661321876"
0.999,3,10,2,"8.086810218430962"
0.01,5,10,2,"1.1564376537799674"
0.1,5,10,2,"1.7713976025889626"
0.5,5,10,2,"2.856587164044424"
0.9,5,10,2,"4.5458426443582383"
0.95,5,10,2,"5.198055295002642"
0.99,5,10,2,"6.7341917217131382"
0.999,5,10,2,"9.160683142203256"
0.01,10,10,2,"1.8119964645001585"
0.1,10,10,2,"2.4614550338133907"
0.5,10,10,2,"3.6095289888381177"
0.9,10,10,2,"5.426297202117615"
0.95,10,10,2,"6.1361611303099153"
0.99,10,10,2,"7.8215265088712185"
0.999,10,10,2,"10.509470639394442"
0.01,20,10,2,"2.3462545811560847"
0.1,20,10,2,"NaN"
0.5,20,10,2,"4.2587789328968144"
0.9,20,10,2,"6.2191568768224927"
0.95,20,10,2,"6.9905067457457237"
0.99,20,10,2,"8.8304202768028617"
0.999,20,10,2,"11.782452020246598"
0.01,2,30,2,"0.17774314534532068"
0.1,2,30,2,"0.57709633693610984"
0.5,2,30,2,"1.5052689896433984"
0.9,2,30,2,"2.8640264655459147"
0.95,2,30,2,"3.3238161537062929"
0.99,2,30,2,"4.2808447732800694"
0.999,2,30,2,"5.5167403841560834"
0.01,3,30,2,"0.61002039267481512"
0.1,3,30,2,"1.1669391785052077"
0.5,3,30,2,"2.1410931549240937"
0.9,3,30,2,"3.458462732284342"
0.95,3,30,2,"3.9032755988860153"
0.99,3,30,2,"4.835599414105598"
0.999,3,30,2,"6.0542869595961371"
0.01,5,30,2,"1.2209097022221325"
0.1,5,30,2,"1.8231745231903282"
0.5,5,30,2,"2.7872610912427138"
0.9,5,30,2,"4.0678498857446455"
0.95,5,30,2,"4.5024889783820647"
0.99,5,30,2,"5.4197243255901251"
0.999,5,30,2,"6.6313767161003234"
0.01,10,30,2,"1.974428377165236"
0.1,10,30,2,"NaN"
0.5,10,30,2,"3.5204350063972143"
0.9,10,30,2,"4.7782775487166855"
0.95,10,30,2,"5.2081543553449068"
0.99,10,30,2,"6.1209616583867943"
0.999,10,30,2,"7.33804259459174"
0.01,20,30,2,"NaN"
0.1,20,30,2,"NaN"
0.5,20,30,2,"4.1536243819833647"
0.9,20,30,2,"5.4135130241501779"
0.95,20,30,2,"5.8457304592456323"
0.99,20,30,2,"6.7666533340171728"
0.999,20,30,2,"8.0013258223121664"
0.01,2,120,2,"0.17771976949142687"
0.1,2,120,2,"0.57630299639824889"
0.5,2,120,2,"1.4918855880544508"
0.9,2,120,2,"2.7823997943498786"
0.95,2,120,2,"3.2018253797782403"
0.99,2,120,2,"4.0428355264557325"
0.999,2,120,2,"5.0602197395040429"
0.01,3,120,2,"0.61620549670718106"
0.1,3,120,2,"1.1730202826406475"
0.5,3,120,2,"2.1218291604546624"
0.9,3,120,2,"3.3387091426786144"
0.95,3,120,2,"3.73091940486318"
0.99,3,120,2,"4.5209527508345433"
0.999,3,120,2,"5.4864203090659993"
0.01,5,120,2,"1.2506012601239962"
0.1,5,120,2,"1.8468295114556468"
0.5,5,120,2,"2.7610753751931285"
0.9,5,120,2,"3.8993034472063228"
0.95,5,120,2,"4.2668017133569931"
0.99,5,120,2,"5.0113618691615658"
0.999,5,120,2,"5.9303436505140814"
0.01,10,120,2,"2.0605044744082415"
0.1,10,120,2,"NaN"
0.5,10,120,2,"3.485165118296663"
0.9,10,120,2,"4.5409705272426919"
0.95,10,120,2,"4.884102385500082"
0.99,10,120,2,"5.5839522167632714"
0.999,10,120,2,"6.4566866200448327"
0.01,20,120,2,"NaN"
0.1,20,120,2,"NaN"
0.5,20,120,2,"4.1100242059931524"
0.9,20,120,2,"5.1057481123370136"
0.95,20,120,2,"5.4311850797264976"
0.99,20,120,2,"6.0981957844432317"
0.999,20,120,2,"6.9362407545746096"
0.01,2,1000,2,"0.17771291321518551"
0.1,2,1000,2,"0.57607057586662047"
0.5,2,1000,2,"1.4879935307183787"
0.9,2,1000,2,"2.7591900472472979"
0.95,2,1000,2,"3.1674885345400723"
0.99,2,1000,2,"3.9773809880539575"
0.999,2,1000,2,"4.9386173448716377"
0.01,3,1000,2,"0.61809255725259382"
0.1,3,1000,2,"1.1748846670904889"
0.5,3,1000,2,"2.1162015094560771"
0.9,3,1000,2,"3.3045598913263672"
0.95,3,1000,2,"3.6823765231641694"
0.99,3,1000,2,"4.4347239188041323"
0.999,3,1000,2,"5.3362502369083922"
0.01,5,1000,2,"1.2600756962237527"
0.1,5,1000,2,"1.8543414027993772"
0.5,5,1000,2,"2.7533121478199032"
0.9,5,1000,2,"3.850821873868858"
0.95,5,1000,2,"4.2000861944703844"
0.99,5,1000,2,"4.8995628145535344"
0.999,5,1000,2,"5.7461039853101319"
0.01,10,1000,2,"2.0901987736760397"
0.1,10,1000,2,"NaN"
0.5,10,1000,2,"3.4742660012539033"
0.9,10,1000,2,"4.4713981640153815"
0.95,10,1000,2,"4.7911780296308963"
0.99,10,1000,2,"5.4364517483582659"
0.999,10,1000,2,"6.2261480122031765"
0.01,20,1000,2,"NaN"
0.1,20,1000,2,"NaN"
0.5,20,1000,2,"4.0956743133850679"
0.9,20,1000,2,"5.0131400135010225"
0.95,20,1000,2,"5.3100144699099232"
0.99,20,1000,2,"5.9130627787860952"
0.999,20,1000,2,"6.6578505337420077"
